[
  {
   "CategoryId": 1,
   "Description": "Lorem ipsum dolor sit amet, consectetuer adipiscing elit. Maecenas porttitor congue massa. Fusce posuere, magna sed pulvinar ultricies, purus lectus malesuada libero, sit amet commodo magna eros quis urna.",
   "Name": "Angular Speedster Board 2000", 
   "PictureUrl": "images/products/sb-ang1.png",
   "Price": 200,
   "ProductBrandId": 1,
   "ProductTypeId": 1,
   "RentedPrice": 50
  },
  {
    "CategoryId": 2,
    "Description": "Lorem ipsum dolor sit amet, consectetuer adipiscing elit. Maecenas porttitor congue massa. Fusce posuere, magna sed pulvinar ultricies, purus lectus malesuada libero, sit amet commodo magna eros quis urna.",
    "Name": "Core Board Speed Rush 3", 
    "PictureUrl": "images/products/sb-core1.png",
    "Price": 180,
    "ProductBrandId": 2,
    "ProductTypeId": 1,
    "RentedPrice": 30
   },
   {
    "CategoryId": 1,
    "Description": "Pellentesque habitant morbi tristique senectus et netus et malesuada fames ac turpis egestas. Proin pharetra nonummy pede. Mauris et orci.",
    "Name": "Net Core Super Board", 
    "PictureUrl": "images/products/sb-core2.png",
    "Price": 300,
    "ProductBrandId": 2,
    "ProductTypeId": 1,
    "RentedPrice": 85
   },
   {
    "CategoryId": 2,
    "Description": "Pellentesque habitant morbi tristique senectus et netus et malesuada fames ac turpis egestas. Proin pharetra nonummy pede. Mauris et orci.",
    "Name": "React Board Super Whizzy Fast", 
    "PictureUrl": "images/products/sb-react1.png",
    "Price": 250,
    "ProductBrandId": 4,
    "ProductTypeId": 1,
    "RentedPrice": 50
   },
   {
    "CategoryId": 1,
    "Description": "Aenean nec lorem. In porttitor. Donec laoreet nonummy augue.",
    "Name": "Typescript Entry Board", 
    "PictureUrl": "images/products/sb-react1.png",
    "Price": 120,
    "ProductBrandId": 5,
    "ProductTypeId": 1,
    "RentedPrice": 30
   },
   {
    "CategoryId": 2,
    "Description": "Fusce posuere, magna sed pulvinar ultricies, purus lectus malesuada libero, sit amet commodo magna eros quis urna.",
    "Name": "Core Blue Hat", 
    "PictureUrl": "images/products/hat-core1.png",
    "Price": 10,
    "ProductBrandId": 2,
    "ProductTypeId": 2,
    "RentedPrice": 5
   },
   {
    "CategoryId": 1,
    "Description": "Suspendisse dui purus, scelerisque at, vulputate vitae, pretium mattis, nunc. Mauris eget neque at sem venenatis eleifend. Ut nonummy.",
    "Name": "Green React Woolen Hat", 
    "PictureUrl": "images/products/hat-react1.png",
    "Price": 98.45,
    "ProductBrandId": 4,
    "ProductTypeId": 2,
    "RentedPrice": 20.21
   }
]